subreddit,selftext,title,created_utc
books,,Please help,1609804134
books,"I'm relatively new to my company and volunteered to lead their new book club as a way to meet new people. I'm no literary expert or anything, just love books and thought it was a good way to become more involved. I chose The Cold Millions by Jess Walter as our first book and our first meeting is tomorrow.

I have the discussion questions that came with the book but I'm suddenly so nervous. Does anyone have good feedback on book club formats that worked? How to keep discussion flowing naturally? I'm so worried I won't so a good job or won't be insightful enough and it'll be boring.

Any suggestions would be great!",Anyone have tips on running a book club for work?,1609803922
books,"I find it difficult to sympathize with most of the main characters. As such, while i do love learning about the time period and atmosphere, I'm starting to become a bit bored with the plot. I feel no sympathy for Vronsky, and i do not feel like we are given enough insight into Anna her reasons for acting. The only plotline that really interests me so car is what happens to Levin, whether he'll still end up with kitty, or be able to move on(perhaps even find another girl who shares his interests?)

As such, right now I'm losing motivation to keep reading, even though i heard a lot of positive comments on the book. Will my feelings on the book change? Am i considering dropping the Hobbit before they even leave the Shire? Or if I'm not interested by now i probably won't be captivated by the rest of the story either? Did anyone have a similar feeling about the book? And did your appreciation of the story increase after you kept reading?

To be sure:  currently I'm at book 2 chapter 17, where Stephan visits Levin to sell his forest. I dont really mind spoilers about the general direction or theme of the book, but please avoid major specific spoilers.  

Many thanks for any responses!","I'm a quarter of the way into Anna Karenina, will the book get more interesting?",1609802138
books,I just finished reading if you tell which is an abuse story of Michelle knotek who was sentenced to prison in 2004 and it gave me the chills with the unbreakable bonds between the sisters all coming together from the abuse and hanging on to the hope that their mother will suddenly change into a loving one I love learning about how they overcame their struggles and how they got justice. Has anyone else read the story and if you did what did you get out of the experience.,If you tell by Greg Olson,1609800286
books,[removed],If you tell by Greg Olson,1609800033
books,[removed],Does anyone else not see pictures in their head while reading,1609799281
books," On first reading this text, what struck me as most surprising were two factors- the level of meta-commentary on the book itself and the repetition of certain nearly formulaic adventures, specifically those regarding marriages between youths of unequal births.

Don Quixote is already exhausted by a sense of belatedness. Not only does Quixote take his sense of character the many stories of chivalry he has read, but by the time we get to the second part most of the major characters have already read either the ""authentic"" history of Don Quixote or the perfidious sequel written by an unnamed (I think) forger.

The combination of these elements almost gives the reader a sense of vertigo as if he or she is lost in a room of reflecting mirrors. If this was Cervantes' aim, to produce a novel which is a gradual re-writing of itself, it comes at the cost of a deep sense monotony. The lovers eventually become rather forgettable and are dismissed almost as quickly as they are introduced.

Perhaps Cervantes, who wrote the second part a full decade after the first, wanted to acquiesce to the demands of readers who may have wanted a new version of Don Quixote but not a new story. After all, how much can a sequel really vary from the original before their incongruities lead to dissatisfaction?

Of course, these are not the only repetitive elements throughout the novel which makes continuous use of some structure in order to involve our duo in adventures, Don Quixote's constant disparagement of Sancho's use of malaphors and inappropriate proverbs (a habit introduced in vol 2 which is seen nowhere in vol 1) becomes increasingly tedious after the 3rd or 4th time it is emphasized, just as his lavish declarations of love and devotion for Dulcinea transform from something whimsical and witty to something turgid and belabored.

Maybe it is a curse of modernity to feel as though someone should have gone through this book with a heavy black pen, crossing out all these repetitions which give the book a kind of narrative heft and depth. In Vol 1, you sense that Cervantes attempts to avoid these feelings of repetitiveness by interrupting the novel with various novellas or questionable relevance. There is also, I think, a kind of passive resistance employed with these tangents on Cervantes' part by which he avoids turning Quixote into an actual knight which an actual mission.

The stories that Quixote encounters on his journey are almost as fantastical and contrived as the books of knight errantry which Cervantes aims to satirize. He meets ""real life"" princesses and escaped convicts and eats at lavish weddings which take up nearly an entire forest and in which rival lovers compete for the affection of a smitten lady. A vast comedy of errors ""really"" does happen, where in an astronomical piece of luck 2 pairs of lovers re-exchange to the general happiness of everyone involved. These stories are themselves repetitions of reiterations other comedy novellas.

Quixote's constancy, loyalty, devotion, and courage, though tested, are never completely overcome. although he does at times allow Sancho to suffer instead of rushing to his defense which leaves an indelible stain of cowardice on his armor. Quixote's otherwise immaculate constancy is what leads to the repetition of events. They say the definition of insanity is doing the same thing over and over and expecting a different result. Cervantes plays a cruel trick on us then by giving us a character of unquestionable devotion and condemning him to the same foibles in various iterations. He brings us closer the nature of insanity by asking us ""what did you expect would happen to our knight?""

It is only when The Knight of Mirrors (Knight of the Moon) enters in labyrinth of his fantasies that Quixote is able to successfully extricated from his delusions. The truth never triumphs over delusion, stronger delusions replace them until we get to the final tragic pages where we read of ""Quijano the Good"".

All in all, this sense of repetitiveness and reiterations together did manage to produce something novel, original and timeless. We continue to reiterate and reinvent Don Quixote and his simple squire Sancho Panza.",Don Quixote: Repetition and Reiteration,1609799123
books,,Love Japan? Read these 5 books!,1609799117
books,[removed],Anyone read 'The Thin Blue Line' by Charles Grave?,1609798796
books,"Because of my mom's influence, I've read *a lot* of murder mysteries and thrillers. Sure, each series or stand alone books are unique with twists and turns, suspects and victims. But they always took place close to or in cities, towns or houses.

Early last year, or maybe around summer idk, Mom hands me a book called Deep South, written by Nevada Barr.

Although old, I really love the books. Instead of the murders taking place in cities or houses, the victims die out in nature or their bodies are dumped in places. 

Instead of a cop or detective, the protagonist Anna Pigeon, is a park ranger. She's solved murder mysteries in different places.

From a sunken ship to solving a case in the aftermath of a fire storm, I love how everything in this series is nature based.",Nevada Barr - Anna Pigeon Series,1609798774
books,[removed],A STORY ABOUT A DOG (funny),1609798199
books,[removed],Depths by C.S Burkhart,1609797966
books,"I‚Äôve been reading Homesick for Another World by Ottessa Moshfegh lately. Has anyone else read this, I‚Äôm looking to discuss some of the short stories I have read so far just because they are a bit unsettling and I need some sort of outlet, otherwise, if I were to ramble, I‚Äôd just seem crazy! 

If you‚Äôve not read this, I HIGHLY recommend it! It‚Äôs a collection of short stories of different people and their seemingly unredeemable qualities which can sometimes be down right unsettling. Each short story I have read so far has left me wanting more to the story.",Homesick for Another World by Ottessa Moshfegh,1609797926
books,"To clarify I‚Äôm not interested in political plots or sci-fi, I‚Äôm looking for things preferably stuff that is hard boiled, gritty, surreal and has a freewheeling magpie structure like Pynchon.

 Some movies/shows like Under the Silver Lake, Noroi: The Curse, True Detective are a good example as well. Stories with mysteries and happenstances that draw the main character in like quick sand until the revelations and people they encounter become more and more ominous , hard to piece together and bigger than they ever anticipated.",Rabbit Hole Recommendations,1609797662
books,,ü§î COMBO Renda EXTRA Funciona? √â BOM? #futeboltradelucastylty,1609796721
books,[removed],Im doing my 4th through reading of Ulysses and looking for some to join in on the fun,1609796205
books,[removed],Everyone is excited for Gatsby entering the public domain but Orwell is also. Where is the hype for Animal Farm and 1984? I want Muppet versions of those . . .,1609795647
books,"I‚Äôm thinking about starting, after much contemplation, Swann‚Äôs way. If anyone has read this, or other books from the collection, then I‚Äôd love to what you made of it. Did you enjoy it? Did it feel slow and labouring ?No spoilers please. 


I‚Äôve heard there‚Äôs no real plot, but sometimes I just enjoy pretty and detailed prose, but I‚Äôm wondering if 500 pages of it merely documenting mundane activity, in specific detail, will be too boring.",Proust? Opinions?,1609795498
books,,The Lighthouse (Excerpt from A PLACE IN TIME),1609795025
books,[removed],Opinions on Doctor Zhivago by Boris Pasternak?,1609794282
books,,The Best Books I Read in 2020,1609793259
books,[removed],looking for books with weird titles,1609792335
books,[removed],"About ""To kill a mockingbird""",1609791759
books,"Woodward, the #1 international bestselling author of Fear: Trump in the White House, has uncovered the precise moment the president was warned that the Covid-19 epidemic would be the biggest national security threat to his presidency. In dramatic detail, Woodward takes readers into the Oval Office as Trump‚Äôs head pops up when he is told in January 2020 that the pandemic could reach the scale of the 1918 Spanish Flu that killed 675,000 Americans.

In 17 on-the-record interviews with Woodward over seven volatile months‚Äîan utterly vivid window into Trump‚Äôs mind‚Äîthe president provides a self-portrait that is part denial and part combative interchange mixed with surprising moments of doubt as he glimpses the perils in the presidency and what he calls the ‚Äúdynamite behind every door.‚Äù

At key decision points, Rage shows how Trump‚Äôs responses to the crises of 2020 were rooted in the instincts, habits and style he developed during his first three years as president.

Revisiting the earliest days of the Trump presidency, Rage reveals how Secretary of Defense James Mattis, Secretary of State Rex Tillerson and Director of National Intelligence Dan Coats struggled to keep the country safe as the president dismantled any semblance of collegial national security decision making.

Rage draws from hundreds of hours of interviews with firsthand witnesses as well as participants‚Äô notes, emails, diaries, calendars and confidential documents.

Woodward obtained 25 never-seen personal letters exchanged between Trump and North Korean leader Kim Jong Un, who describes the bond between the two leaders as out of a ‚Äúfantasy film.‚Äù[Range Ebook](https://trendbooks.myshopify.com/products/rage-ebook)

Trump insists to Woodward he will triumph over Covid-19 and the economic calamity. ‚ÄúDon‚Äôt worry about it, Bob. Okay?‚Äù Trump told the author in July. ‚ÄúDon‚Äôt worry about it. We‚Äôll get to do another book. You‚Äôll find I was right.‚Äù

Get Ebook edition from 3$

https://trendbooks.myshopify.com/products/rage-ebook",Range,1609791415
books,[removed],Need love story books,1609791202
books,,Costa Book Awards: Lee Lawrence wins biography prize with memoir about his mother,1609790032
books,[removed],What are some brilliant books under 200 pages ?,1609789743
books,"I‚Äôm 25 weeks pregnant so aside from work I have a lot of time on my hands with the pandemic going on and out of all books, I‚Äôve been binge reading the Harry Potter ones. My mom let me borrow every single one. Let‚Äôs see if I can finish before the baby gets here. üò≠ no judgement but anyone else have this problem lol?",Been obsessed with Harry Potter lately.,1609789267
books,[removed],Could Stephen King debut with Carrie in 2021?,1609789218
books,,The best Stephen King character of 2020 deserves a spinoff series ASAP,1609789194
books,,"'The Great Gatsby' Enters The Public Domain, And The People Want A Muppets Version",1609788686
books,[removed],Your most anticipated books of 2021?,1609788505
books,[removed],Most anticipated books of 2021,1609788370
books,[removed],Barnes and Nobles Returns Question,1609787873
books,[removed],"George Eliot claimed ‚ÄòThe greatest benefit we owe to the artist, whether painter, poet, or novelist, is the extension of our sympathies.‚Äô What novels do you think helped you extend your own sympathies the most?",1609787868
books,[removed],ÿ™ÿØÿ±€åÿ≥ ÿÆÿµŸàÿµ€å ÿ≤ÿ®ÿßŸÜ ÿßŸÜ⁄ØŸÑ€åÿ≥€å ÿØÿ±ÿßÿµŸÅŸáÿßŸÜ,1609787664
books,"I'm currently reading two physical books. The first one is *Don Quixote*, and even when I can say for sure that he would try to rescue me, I don't think he would do a very good job at it. Maybe if the kidnappers were super incompetent and Don Quixote got very lucky. He gets points for trying anyway.

The second book is *Anna Karerina*, and one would assume that Anna is the main character, but I'm only a couple of chapters in and the protagonist so far is this dude named Stiva. Some of the few characteristics that have been mentioned about him are that he is a douchebag and a puchover, so I don't think he's even going to try.

I'm also listening to an audiobook named *I'll Be Gone in the Dark*, a non-fiction about a woman that was hunting down The Golden State Killer. She might not be able to find me, but at least I could appear in one of those true crime shows.","If you were kidnapped and could only be saved by the main characters of the last book you read, how screwed would you be?",1609787614
books,[removed],Reddit is categorised under ‚ÄúReading and Information‚Äù under Apple products screen time,1609787465
books,[removed],Common theme in an abuse story,1609787387
books,,"What is ""Show, Don't Tell"" in 2 Minutes | Best Writing Technique",1609787292
books,[removed],Turns out that Reddit is categorised under...,1609787228
books,"This. In my opinion, one of the most underrated books ever. My girlfriend recommended it to me and I loved every single part of it. The book is abouf Dorte, a lithuanian girl who got sold as sex slave in Sweden. It was so devastating and heartbreaking to see as terrible things happened to this naive and kind girl. It was one of the books you would never want to read again but not because it was something bad about it, but because the feeling the book leaves you with, at the very ending. I usually never cry when reading, but, man, this book...","""A glass of milk, please"" by Herjbjorg Wassmo",1609787160
books,,Deseos de Feliz A√±o Nuevo 2021 - √öltima colecci√≥n - Frases,1609786951
books,,Deseos de Feliz A√±o Nuevo 2021 - √öltima colecci√≥n - Frases,1609786941
books,,Deseos de Feliz A√±o Nuevo 2021 - √öltima colecci√≥n - Frases,1609786931
books,,Deseos de Feliz A√±o Nuevo 2021 - √öltima colecci√≥n - Frases,1609786922
books,,Deseos de Feliz A√±o Nuevo 2021 - √öltima colecci√≥n - Frases,1609786912
books,,Deseos de Feliz A√±o Nuevo 2021 - √öltima colecci√≥n - Frases,1609786901
books,,Deseos de Feliz A√±o Nuevo 2021 - √öltima colecci√≥n - Frases,1609786889
books,,Deseos de Feliz A√±o Nuevo 2021 - √öltima colecci√≥n - Frases,1609786878
books,,Frases Para Enamorarz | Frases para enamorar|Frases de buenos dias|citas de motivaci√≥n,1609786868
books,[deleted],"If there is a Data Scientist, Machine Learning Engineer, or Artificial Intelligence enthusiast here, from personal experience I would recommend you to browse the books suggested by Andrew Ng from Coursera. There is a list of 14 FREE books on this link and there is a short summary for each book.",1609786820
books,,Send Money to Sri Lanka Xoom a PayPal Service Xoom,1609786707
books,[removed],Question on Pet Semetary,1609786577
books,,"Can a horror book materialize its monsters? That's what happens in this short film! Horror Short Film ""THE AMULET OF FEAR"" Tribute to Stephen King.",1609786529
books,"So for this upcoming year, my spouse and I have decided to challenge each other to read more, because we did not read that much in 2020...I know, even with the pandemic and shutdowns, etc. 

Our challenge is that we each have to finish a book per month, if you do not, then you have to mop the floors by yourself. If both parties finish, then they both mop together. \*There is a caveat, if the one party finishes a book early (finished reader), the other party (challenging reader) can challenge the finished reader to read an additional book the challenging reader picks out. If the finished reader wants to accept, they are obligated to finish the book or they have to mop floors without help. But if they finish, the challenging reader would have to do the floors.   


I am currently reading The Andromeda Strain by Michael Crichton. My strategy going into this was to chose a short book to make sure I finish monthly. The book has been a real surprise in how fascinating it is, and I have never read any of his books. Requiring myself to finish a book is forcing me to find readers I may not have on my TBR list. My spouse chose Circe. She is already done.... -\_\_\_-

What new book challenges or book traditions do you have for the 2021? How do you plan to discover new writers and genres?",New Book Challenge/Tradition To Get Myself To Read More,1609785913
books,[removed],Novels about p--orn addiction?,1609785689
books,,Frases Para Enamorarz | Frases para enamorar|Frases de buenos dias|citas de motivaci√≥n,1609785448
books,[removed],Books you can get lost in,1609785384
books,[removed],Reading books only and zero electronic device usage,1609785335
books,"I have read Killing Commendatore and half of 1Q84 as well as half of The Wind-Up Bird Chronicle.

I read these books because Murakami is regarded as good. I wanted to know what the hype was. I liked Killing Commendatore, but I constantly felt like I was missing something. Like he had put meaning into the book, and that I was just too dumb to get it. (Which is a silly statement considering I am most certainly not dumb.)

I started 1Q84 but didn‚Äôt have time to finish. I started The Wind-Up Bird Chronicle but got frustrated because after constantly putting it on hold and only getting it for 7 days at a time, which is not enough to finish, I was only halfway through. Plus, I still felt like I was *missing* something. Also, the sex scenes and boring characters (which felt like self inserts honestly) felt...bad. 

So I did some research. And I found an interview.

‚ÄúPeople ask me, ‚ÄòWhy fish? And why are they falling from the sky?‚Äô But I have no answer for them. I just got the idea that something should fall from the sky. Then I wondered: what should fall from the sky? And I said to myself: ‚ÄòFish! Fish would be good.‚Äô‚Äù

Oh, that pissed me off. You mean I spent 45+ hours reading your books and they mean *nothing*? You‚Äôre just here to write down whatever pops into your head? Fuck off. 

Yes, I know I‚Äôm being immature. It‚Äôs abstract art. You‚Äôre supposed to give it your own meaning. But the way I see it, I may as well be reading word salad with overly sexualized female characters (some of them underage) sprinkled in. It means nothing to me. At least abstract art is interesting to look at and evokes emotion other than annoyance!",I used to think Haruki Murakami was good but that I was too stupid to ‚Äúget it.‚Äù Then I read an interview and now I‚Äôm *mad.*,1609785329
books,"Hi All!  I hope this is ok to post. 
I recently listened to Atomic Habits on Audible. I found it full on information that could be useful for my life. The issue is that since I listened to it, I can‚Äôt really go back over and over to review the techniques discussed. 
My question is:  Is anyone using the printed / book copy as a template and reference point (do you find that you go back to the book often to learn the techniques or did you read it once and put it away)??",Atomic Habits - Did anyone use the book repeatedly to check back on how to apply the tips to your life? More info in comments...,1609785168
books,[removed],What are some good murder mysteries that is not too gruesome?,1609784535
books,,"SUNG RIM: Fused Quartz, Fused Silica, Sapphire, Borosilicate Glass",1609784286
books,,"SUNG RIM: Fused Quartz, Fused Silica, Sapphire, Borosilicate Glass",1609784275
books,,"SUNG RIM: Fused Quartz, Fused Silica, Sapphire, Borosilicate Glass",1609784260
books,,"SUNG RIM: Fused Quartz, Fused Silica, Sapphire, Borosilicate Glass",1609784247
books,,"SUNG RIM: Fused Quartz, Fused Silica, Sapphire, Borosilicate Glass",1609784236
books,,"Scamp and the Legend of Laguna Verde by G S Felton Please check out this review from Chick Lit Caf√© for this middle grade history, mystery, treasure hunt set in South America in the 1920's. Are you up for the adventure?",1609784232
books,,"SUNG RIM: Fused Quartz, Fused Silica, Sapphire, Borosilicate Glass",1609784226
books,,"SUNG RIM: Fused Quartz, Fused Silica, Sapphire, Borosilicate Glass",1609784216
books,,Dipl. med. Andrea Kasimir | Ganzheitliche Praxis f√É¬ºr Allgemeinmedizin &amp; Naturheilkunde,1609784205
books,,Dipl. med. Andrea Kasimir | Ganzheitliche Praxis f√É¬ºr Allgemeinmedizin &amp; Naturheilkunde,1609784196
books,,Dipl. med. Andrea Kasimir | Ganzheitliche Praxis f√É¬ºr Allgemeinmedizin &amp; Naturheilkunde,1609784186
books,,Dipl. med. Andrea Kasimir | Ganzheitliche Praxis f√É¬ºr Allgemeinmedizin &amp; Naturheilkunde,1609784177
books,,Dipl. med. Andrea Kasimir | Ganzheitliche Praxis f√É¬ºr Allgemeinmedizin &amp; Naturheilkunde,1609784168
books,,Dipl. med. Andrea Kasimir | Ganzheitliche Praxis f√É¬ºr Allgemeinmedizin &amp; Naturheilkunde,1609784158
books,,Dipl. med. Andrea Kasimir | Ganzheitliche Praxis f√É¬ºr Allgemeinmedizin &amp; Naturheilkunde,1609784148
books,,Energieeffizienz steigern mit der G2Plus GmbH,1609784135
books,,Energieeffizienz steigern mit der G2Plus GmbH,1609784126
books,,Energieeffizienz steigern mit der G2Plus GmbH,1609784115
books,,Energieeffizienz steigern mit der G2Plus GmbH,1609784106
books,,Energieeffizienz steigern mit der G2Plus GmbH,1609784097
books,,"If there is a Data Scientist, Machine Learning Engineer, or Artificial Intelligence enthusiast here, from personal experience I would recommend you to browse the books suggested by Andrew Ng from Coursera. There is a list of 14 FREE books on this link and there is a short summary for each book.",1609784036
books,[removed],Help me find out which book PLEASE,1609784017
books,,Hope this is allowed - took inspiration from the Guardian piece written at the turn of 2021 and wrote an article on George Orwell and what happens since his work is in the public domain. There's also a small section on language and the inherent issues with assessing it.,1609784010
books,"By Susan Pfeffer.  A web review of books to read during the pandemic listed this as one that helped the person cope.  In the story, an asteroid strikes the moon and causes an apocalypse on earth (no zombies though). The narrator is a teenage girl, who shares her life and family situation, with an authentic voice, in a horrible situation. It is a well written novel, easy and fast to read.  But halfway through reading it I had to stop and make a panic run to Costco to restock up on basic food staples! If the pandemic has left you with a little PTSD, this may be one to avoid.",Life as We Knew It,1609783990
books,,‚ÄúCinders Chronicles‚Äù - my freinds self published sci-fi mystery just went up on Amazon! Here‚Äôs a link for anyone who‚Äôs interested in a sweeping mystery that starts in LA and takes you in a journey across space and time. Thanks for giving him a click!,1609783968
books,,What Books Do World Dominate Business Leaders Read In 2020???,1609783662
books,"I'm on a tough streak of poor reads right now, and was really excited to maybe have another popcorn-crunching romp of nostalgia. Has it been hilariously overdone in recent years? Yes. Do I care? No. It was the end of 2020 and I'd take anything resembling fun.

My issues with the book are:

*Wade sucks. He should've been the villain. Die the hero, or live long enough to become the villain....

*The relationships make 0 sense. It's like Ernie hasn't been in a relationship or friendship ever - no partner forgives something with the ease Art3mis does after having such a violent disagreement about something so egregiously immoral. No friends stand by like that and act like nothing happened when they're clearly enraged by some of his behavior. None of them have a sensical resolution. 

*The movie world and the prince world were absolutely stupid. He surely had other 80's things to tap into without stay in those worlds.

*Why couldn't we have gone into the other implications of the tech? What would religious institutions have to say about it? Would it have spawned new beliefs and so forth? Why'd we go straight to sex and immortality and that's it? I'm not expecting Asimov here, but man come on, that could've been taken some really cool places and had the story evolve.

I was deeply disappointed in the pacing, overall story, and general feel of being a shameless cash grab.",Ready Player Two,1609783562
books,"""Catch 22"" by Joseph Heller, is one of my favourite books ever. And to a lot of people as well. But ""Closing time"" as a book, and especially as its sequel, was just the worst. It made me think ""eh?"" not only because it story had non of the elements and style of the original, but because I don't understand why did Heller need to write it in the first place.
What are your experiences?",What are some of the biggest let downs in works by the authors of your favourite books?,1609783446
books,[removed],Great Books of the Western World,1609783386
books,[removed],Reading the Three Body Problem series,1609783351
books,[removed],"""Brave new world"" OR ""the master and Margarita""",1609783338
books,"I'm not much of a reader but from time to time I can convince myself to pick up a book. I just finished 1984 for the first time and there was a passage at the beginning that's still standing out to me weeks later. 

Winston's marks the page in his journal April 4th, 1984 and starts to wonder is that even the correct date and who is even writing this for, then he goes ""For the first time the magnitude of what he had undertaken came home to him. How could you communicate with the future? It was of its nature impossible. Either the future would resemble the present in which case it would not listen to him, or it would be different from it, and his predicament would be meaningless.""

When I read it I felt like it couldn't have been said clearer. It read so technically nonchalant, as if it were the problem and the answer. Which lead me to make this post to ask. 

What other passages are people carrying around that feel could use a bit more attention?","What seemingly little part of a book ended up sticking with you longer than the author probably intended, and that you think could use a bit more attention?",1609782927
books,[removed],Any book recommendations?,1609781448
books,"So, I read Dracula last year. It's amazing, actually really fun and a page-turner of an adventure even if you know the outlines of the classic vampire story. But the whole thing happens in letters and diary entries, and I thought it would have been fun to read it 'as it happens', ie read May 3rd's events on May 3, etc.   

**SO!** This year I set up a newsletter you can subscribe to, and it will email you the whole story each day, as it happens. It's at [draculadaily.com](https://draculadaily.com) and it's free. It's just for fun. Join in!  The story starts on May 3.",Reading Bram Stoker's Dracula in real time,1609781236
books,[removed],What do you think?,1609779919
books,"Please don't @ me. This is a genuine concern. I'm from a ""third world"" country for lack of a better word. Where the üåà (LGBTQ) movement is at Level 1. 

So I'm a fan of Rainbow Rowell books. Fangirl being my favourite. I own a copy &amp; have read it several times. 

1. Because it's a cute simple read. 
2. It made me understand people who write fanfiction better. Gave me a better understanding of fandoms. 
3. Levi &amp; Cath
4. The writing,  Rainbow Rowell is kinda like female John Green (I know they're both very different...I'm just making a comparison for ppl who are unaware about Rowell since it's a man's world n all)
5. The relationship Cath shares with her parents &amp; sibling was well written. Helped me learn some things I needed to understand. 

So spending some time on Goodreads I saw that Gay romance is big in the YA community. Even among Vloggers. A close friend of mine irl (my book mate who pushed me into reading Twilight/VA series etc) was shocked that I'd never read a Same Sex romance. While I was shocked that she was into it (because she's straight &amp; it's not something that's a big attraction where I'm from). I thought it was strange at the time, I couldn't figure it out. What would be the attraction for a straight person? To read Gay romance? I hope you're with me. It's like me asking what would be the attraction for a gay person to read straight people romance if they feel nothing?

So that's when I decided maybe I'm homophobic &amp; she's ahead of the curve &amp; I need to catch up with the times. Since I was familiar with Rainbow Rowell's work &amp; Carry On is such a phenomenon in the community I decided to start there. 

Although I must admit I was very hesitant &amp; delayed reading because I love Harry Potter &amp; the idea of fanfiction did not sit well with me. I read it. It did nothing for me. I did not enjoy it at all.

Fast forward a year or so, I make an instagram page to promote Rainbow Rowell books so that Netflix picks up her work for adaptation. I post a lot of pictures of all her books (even the ones I dislike for fans of those books) I manage to gain followers from various parts of the world. Netflix even likes some of my pictures. 

Then I realised I wasn't posting Carry On much since it didn't work for me. So I make sure to keep my bias in check, change that &amp; start uploading pictures of Simon &amp; Baz from Carry On. Surprise Surprise people love it. Turns out Carry On is her most popular work. It garners the most attention! So I keep going , I search the whole internet for rare pictures/artwork etc - Credit the artists &amp; upload them. Among all of Rainbow Rowell's work Carry On gets the most traction. But I was still unable to understand the obsession with it. Especially for straight people. 

Again I request, I don't have time rn to type out details about my upbringing/culture/history with LGBTQ in my country etc. Broadly categorizing as third world so that you get an idea. 

What I want to know is if I'm not into the genre does that make me Homophobic? Because you get attacked if you say you're not into Gay romance as a straight person. And I've tried reading a few others just so that I get over any ""unintentional Homophobia"" in my mind due to the environment I grew up in... But it still doesn't work for me. 

So yeah...Looking for informed opinions/understanding on this subjec matter. Please be civil. Thank you.

TL;DR : What the title says.",Am I Homophobic if I'm straight &amp; not into Gay romance books? [ Ref: Carry On by Rainbow Rowell etc],1609779919
books,"I honestly listen to this book so many times last year and I also read the paper version. 
I always get something new out of it and I tried to recommend it to a lot of people last year because I think the book would have gave people a lot of peace.
I know some people will shittt on Mark Manson, but I honestly get a lot out of his work. He tends to have to many one liners in his book that get annoying but the overall messages are great.

In this book the two main things I got out of it was choose to be a better person for no other reason than it‚Äôs the correct thing and choose your pain. 
I‚Äôm not doing the book and justice with the way I‚Äôm explaining it but I honestly think it‚Äôs a hidden gem.",‚ÄúEverything is f*cked A Boom Abiut Hope‚Äù by Mark Manson is a great book,1609779790
